_id,id,hostname,os,last_seen,source
6713270d8393d35cd4a8e4fe,305003660,ip-172-31-19-223.ec2.internal,Linux,2023-07-26T04:20:52.000Z,qualys
6713270d8393d35cd4a8e4ff,e64d9e3eb9f24f44818240d7f9ad4ebc,ip-172-31-93-76.ec2.internal,Amazon Linux 2,2023-03-16T13:34:47Z,crowdstrike
671327640f79e1ab15af500d,305003660,ip-172-31-19-223.ec2.internal,Linux,2023-07-26T04:20:52.000Z,qualys
671327640f79e1ab15af500e,e64d9e3eb9f24f44818240d7f9ad4ebc,ip-172-31-93-76.ec2.internal,Amazon Linux 2,2023-03-16T13:34:47Z,crowdstrike
6713293324204cb03617a47a,305003660,ip-172-31-19-223.ec2.internal,Linux,2023-07-26T04:20:52.000Z,qualys
6713293324204cb03617a47b,e64d9e3eb9f24f44818240d7f9ad4ebc,ip-172-31-93-76.ec2.internal,Amazon Linux 2,2023-03-16T13:34:47Z,crowdstrike
67132a5c38ce30b9bb9a9a5a,305003660,ip-172-31-19-223.ec2.internal,Linux,2023-07-26T04:20:52.000Z,qualys
67132a5c38ce30b9bb9a9a5b,e64d9e3eb9f24f44818240d7f9ad4ebc,ip-172-31-93-76.ec2.internal,Amazon Linux 2,2023-03-16T13:34:47Z,crowdstrike
67132b573b408d71fbc351b4,305003660,ip-172-31-19-223.ec2.internal,Linux,2023-07-26T04:20:52.000Z,qualys
67132b573b408d71fbc351b5,e64d9e3eb9f24f44818240d7f9ad4ebc,ip-172-31-93-76.ec2.internal,Amazon Linux 2,2023-03-16T13:34:47Z,crowdstrike
67132ba4a3f4798802b56bbd,305003660,ip-172-31-19-223.ec2.internal,Linux,2023-07-26T04:20:52.000Z,qualys
67132ba4a3f4798802b56bbe,e64d9e3eb9f24f44818240d7f9ad4ebc,ip-172-31-93-76.ec2.internal,Amazon Linux 2,2023-03-16T13:34:47Z,crowdstrike
67132bd45fc26c5e55976fd5,305003660,ip-172-31-19-223.ec2.internal,Linux,2023-07-26T04:20:52.000Z,qualys
67132bd45fc26c5e55976fd6,e64d9e3eb9f24f44818240d7f9ad4ebc,ip-172-31-93-76.ec2.internal,Amazon Linux 2,2023-03-16T13:34:47Z,crowdstrike
67132cdebfee52df2f183461,305003660,ip-172-31-19-223.ec2.internal,Linux,2023-07-26T04:20:52.000Z,qualys
67132cdebfee52df2f183462,e64d9e3eb9f24f44818240d7f9ad4ebc,ip-172-31-93-76.ec2.internal,Amazon Linux 2,2023-03-16T13:34:47Z,crowdstrike
6713d6d216c89b26bc35a3bb,305003660,ip-172-31-19-223.ec2.internal,Linux,2023-07-26T04:20:52.000Z,qualys
6713d6d216c89b26bc35a3bc,e64d9e3eb9f24f44818240d7f9ad4ebc,ip-172-31-93-76.ec2.internal,Amazon Linux 2,2023-03-16T13:34:47Z,crowdstrike
6713d7c38f93227ce9a3cdc5,305003660,ip-172-31-19-223.ec2.internal,Linux,2023-07-26T04:27:35.000Z,qualys
6713d7c38f93227ce9a3cdc6,e64d9e3eb9f24f44818240d7f9ad4ebc,ip-172-31-93-76.ec2.internal,Amazon Linux 2,2023-03-16T13:34:47Z,crowdstrike
6713d7e95b9b495bf908bf86,305003660,ip-172-31-19-223.ec2.internal,Linux,2023-07-26T04:20:52.000Z,qualys
6713d7e95b9b495bf908bf87,e64d9e3eb9f24f44818240d7f9ad4ebc,ip-172-31-93-76.ec2.internal,Amazon Linux 2,2023-03-16T13:34:47Z,crowdstrike
6713dba1dad2a19cc9177147,305003660,ip-172-31-19-223.ec2.internal,Linux,2023-07-26T04:20:52.000Z,qualys
6713dba1dad2a19cc9177148,e64d9e3eb9f24f44818240d7f9ad4ebc,ip-172-31-93-76.ec2.internal,Amazon Linux 2,2023-03-16T13:34:47Z,crowdstrike
6713dc1ddeb3995144a761d8,305003660,ip-172-31-19-223.ec2.internal,Linux,2023-07-26T04:20:52.000Z,qualys
6713dc1ddeb3995144a761d9,e64d9e3eb9f24f44818240d7f9ad4ebc,ip-172-31-93-76.ec2.internal,Amazon Linux 2,2023-03-16T13:34:47Z,crowdstrike
6713dc5487fa58608360bfce,305003660,ip-172-31-19-223.ec2.internal,Linux,2023-07-26T04:20:52.000Z,qualys
6713dc5487fa58608360bfcf,e64d9e3eb9f24f44818240d7f9ad4ebc,ip-172-31-93-76.ec2.internal,Amazon Linux 2,2023-03-16T13:34:47Z,crowdstrike
6713e27c80dd94cf7e2debee,305003660,ip-172-31-19-223.ec2.internal,Linux,2023-07-26T04:20:52.000Z,qualys
6713e27c80dd94cf7e2debef,e64d9e3eb9f24f44818240d7f9ad4ebc,ip-172-31-93-76.ec2.internal,Amazon Linux 2,2023-03-16T13:34:47Z,crowdstrike
6713e4ba0e2a8884fb636d19,305003660,ip-172-31-19-223.ec2.internal,Linux,2023-07-26T04:20:52.000Z,qualys
6713e4ba0e2a8884fb636d1a,e64d9e3eb9f24f44818240d7f9ad4ebc,ip-172-31-93-76.ec2.internal,Amazon Linux 2,2023-03-16T13:34:47Z,crowdstrike
6713ea91df5e7407f210247a,305003660,ip-172-31-19-223.ec2.internal,Linux,2023-07-26T04:20:52.000Z,qualys
6713ea91df5e7407f210247b,e64d9e3eb9f24f44818240d7f9ad4ebc,ip-172-31-93-76.ec2.internal,Amazon Linux 2,2023-03-16T13:34:47Z,crowdstrike
6713f58f9f85b472e2ff7bb6,305003660,ip-172-31-19-223.ec2.internal,Linux,2023-07-26T04:20:52.000Z,qualys
6713f58f9f85b472e2ff7bb7,e64d9e3eb9f24f44818240d7f9ad4ebc,ip-172-31-93-76.ec2.internal,Amazon Linux 2,2023-03-16T13:34:47Z,crowdstrike
6713f86c168f38cd0a884ea2,305003660,ip-172-31-19-223.ec2.internal,Linux,2023-07-26T04:20:52.000Z,qualys
6713f86c168f38cd0a884ea3,e64d9e3eb9f24f44818240d7f9ad4ebc,ip-172-31-93-76.ec2.internal,Amazon Linux 2,2023-03-16T13:34:47Z,crowdstrike
6713f9800eb97d454d4bead0,305003660,ip-172-31-19-223.ec2.internal,Linux,2023-07-26T04:20:52.000Z,qualys
6713f9800eb97d454d4bead1,e64d9e3eb9f24f44818240d7f9ad4ebc,ip-172-31-93-76.ec2.internal,Amazon Linux 2,2023-03-16T13:34:47Z,crowdstrike
6713fef3993ea31bedaef9cf,305003660,ip-172-31-19-223.ec2.internal,Linux,2023-07-26T04:20:52.000Z,qualys
6713fef3993ea31bedaef9d0,e64d9e3eb9f24f44818240d7f9ad4ebc,ip-172-31-93-76.ec2.internal,Amazon Linux 2,2023-03-16T13:34:47Z,crowdstrike
671402901420c2489b218e67,305003660,ip-172-31-19-223.ec2.internal,Linux,2023-07-26T04:20:52.000Z,qualys
671402901420c2489b218e68,e64d9e3eb9f24f44818240d7f9ad4ebc,ip-172-31-93-76.ec2.internal,Amazon Linux 2,2023-03-16T13:34:47Z,crowdstrike
6714031755f0a4cf7756beba,305003660,ip-172-31-19-223.ec2.internal,Linux,2023-07-26T04:20:52.000Z,qualys
6714031755f0a4cf7756bebb,e64d9e3eb9f24f44818240d7f9ad4ebc,ip-172-31-93-76.ec2.internal,Amazon Linux 2,2023-03-16T13:34:47Z,crowdstrike
